{
    "bina_ACC": 0.7562,
    "bina_RECALL": 0.6695714285714286,
    "bina_F1": 0.6814556936489111,
    "bina_Precision": 0.7105647321280744,
    "mlc_ACC": 0.4656,
    "mlc_RECALL": 0.4963333333333333,
    "mcl_F1": 0.4766430309634574,
    "mcl_precision": 0.5213950088778038
}