{
    "bina_ACC": 0.6482,
    "bina_RECALL": 0.7168095238095238,
    "bina_F1": 0.6434684556131808,
    "bina_Precision": 0.6875136733010182,
    "mlc_ACC": 0.4051,
    "mlc_RECALL": 0.33758333333333335,
    "mcl_F1": 0.2541039182660134,
    "mcl_precision": 0.44090847186753584
}{
    "bina_ACC": 0.6482,
    "bina_RECALL": 0.7168095238095238,
    "bina_F1": 0.6434684556131808,
    "bina_Precision": 0.6875136733010182,
    "mlc_ACC": 0.4051,
    "mlc_RECALL": 0.33758333333333335,
    "mcl_F1": 0.2541039182660134,
    "mcl_precision": 0.44090847186753584
}{
    "bina_ACC": 0.6482,
    "bina_RECALL": 0.7168095238095238,
    "bina_F1": 0.6434684556131808,
    "bina_Precision": 0.6875136733010182,
    "mlc_ACC": 0.4051,
    "mlc_RECALL": 0.33758333333333335,
    "mcl_F1": 0.2541039182660134,
    "mcl_precision": 0.44090847186753584
}{
    "bina_ACC": 0.6482,
    "bina_RECALL": 0.7168095238095238,
    "bina_F1": 0.6434684556131808,
    "bina_Precision": 0.6875136733010182,
    "mlc_ACC": 0.4051,
    "mlc_RECALL": 0.33758333333333335,
    "mcl_F1": 0.2541039182660134,
    "mcl_precision": 0.44090847186753584
}